{"data": [
    {"temp_f":68.0,
     "temp_c":20,
     "humid":69,
     "time":"20:39:19",
     "date":"17/10/2023"},
    {"temp_f":68.0,
     "temp_c":20,
     "humid":69,
     "time":"20:29:17",
     "date":"17/10/2023"},
    {"temp_f":68.0,
     "temp_c":20,
     "humid":69,
     "time":"20:19:16",
     "date":"17/10/2023"},
    {"temp_f":66.2,
     "temp_c":19,
     "humid":71,
     "time":"20:09:15",
     "date":"17/10/2023"},
    {"temp_f":66.2,
     "temp_c":19,
     "humid":71,
     "time":"19:59:14",
     "date":"17/10/2023"},
    {"temp_f":66.2,
     "temp_c":19,
     "humid":70,
     "time":"19:49:12",
     "date":"17/10/2023"},
    {"temp_f":66.2,
     "temp_c":19,
     "humid":67,
     "time":"19:46:53",
     "date":"17/10/2023"}
    ]}